candidate_id,estate,source_id,node_type,title,document_or_part,paragraph_or_rule,url,matched_amounts,rule_based_reason,snippet,is_threshold,inflation_index_candidate,threshold_amounts,threshold_type,confidence,llm_rationale
cand-00214,ss,dba9eac4739034d7,guidance_paragraph,SS19/13 – Resolution planning PDF paragraph 43,SS19/13 – Resolution planning,,https://www.prarulebook.co.uk/guidance/supervisory-statements/ss19-13-resolution-planning/01-06-2026#pdf-page-13,€43 m,Monetary amount appears with threshold/trigger language.,"Custody Services Safe custody assets held (£mn) Client money held (£mn) Description of ancillary services offered in custody eg securities lending, general prime brokerage services Resolution planning June 2018 13 Payments, Third-Party Operational For each (the list below is not exhaustive): clearing Services Credit card systems custody & Cheque processing settlement Back office for retail banking (b) Provide: Description of service Number of clients provided with service Number of other providers (a) As defined in Article 2.1(f) of the EU Prospectus Directive, SME refers to companies, which, according to their last annual or consolidated accounts, meet at least two of the following three criteria: (i) an average number of employees during the financial year of less than 250, (ii) a total balance sheet not exceeding €43 million, (iii) an annual net turnover not exceeding",yes,yes,€43 million,scope_trigger,high,SME definition uses balance-sheet ceiling as an eligibility/scope criterion.
cand-00215,ss,7e1da89e903dd4b7,guidance_paragraph,SS19/13 – Resolution planning PDF paragraph 44,SS19/13 – Resolution planning,,https://www.prarulebook.co.uk/guidance/supervisory-statements/ss19-13-resolution-planning/01-06-2026#pdf-page-14,€50 m,Monetary amount needs LLM review to distinguish threshold from ordinary mention.,"€50 million. (b) The payments, clearing and settlement function is limited to those provided by firms to their clients.",yes,yes,€50 million,scope_trigger,medium,Continuation of SME definition; annual turnover ceiling is an eligibility/scope criterion.
cand-00108,ss,aceb3db444d209bf,guidance_paragraph,SS19/15 – Exercising certain functions under the Building Societies Act 1986 2.12,SS19/15 – Exercising certain functions under the Building Societies Act 1986,2.12,https://www.prarulebook.co.uk/guidance/supervisory-statements/ss19-15-exercising-certain-functions-under-the-building-societies-act-1986/01-06-2026#a58cba3274834867a47277316ab6d04e,"£100,000",Monetary amount appears with threshold/trigger language.,"The exemptions in section 9A of the 1986 Act fall into two broad categories: (a) those which allow a society or subsidiary undertaking to provide certain retail services to its customers, including: (i) acting as market maker in currency or securities transactions of less than £100,000; (ii) trading in currencies (but not commodities) up to a value of £100,000 per transaction; (iii) entering into contracts for differences in respect of customers who wish to hedge exposures arising from their own loans or deposits with the society or a connected undertaking; or (iv) acting as market maker or entering into derivative investments in its capacity as manager of a collective investment scheme; and (b) those which allow a society or subsidiary undertaking to use derivative investments in order to limit the extent to which it, or a connected undertaking, will be affected by changes in interest rates, exchange rates, any index of retail prices, any index of residential property prices, any index of the prices of securities, or the creditworthiness of any borrower(s).",yes,yes,"£100,000",permission_or_exemption_condition,high,"Transaction values below/up to £100,000 determine permitted exemptions."
cand-00109,ss,f77de83d07c26915,guidance_paragraph,SS19/15 – Exercising certain functions under the Building Societies Act 1986 2.13,SS19/15 – Exercising certain functions under the Building Societies Act 1986,2.13,https://www.prarulebook.co.uk/guidance/supervisory-statements/ss19-15-exercising-certain-functions-under-the-building-societies-act-1986/01-06-2026#dcdabe1ed0fa4e03ac812b575d74d275,"£100,000",Monetary amount appears with threshold/trigger language.,"The Treasury may, by negative resolution order, amend the £100,000 transaction limit and may add factors to, or remove factors from, the list found in paragraph 2.12 .",yes,yes,"£100,000",permission_or_exemption_condition,high,Refers to amendable transaction limit for statutory exemptions.
cand-00110,ss,c34f9614e399c9ce,guidance_paragraph,SS19/15 – Exercising certain functions under the Building Societies Act 1986 2.14,SS19/15 – Exercising certain functions under the Building Societies Act 1986,2.14,https://www.prarulebook.co.uk/guidance/supervisory-statements/ss19-15-exercising-certain-functions-under-the-building-societies-act-1986/01-06-2026#a024afdf8a754447ace52351a45d0274,"£100,000",Monetary amount needs LLM review to distinguish threshold from ordinary mention.,"The exemptions permitting transactions of up to £100,000 (as market-maker in currency or securities transactions, or trading currencies) may not be abused by artificially breaking up larger transactions into a number of smaller amounts falling within the £100,000 ceiling (section 9A(8) of the 1986 Act is the relevant anti-avoidance provision).",yes,yes,"£100,000",permission_or_exemption_condition,high,"£100,000 ceiling controls availability of transaction exemptions."
cand-00112,ss,f169b7db8457781e,guidance_paragraph,SS19/15 – Exercising certain functions under the Building Societies Act 1986 3.109,SS19/15 – Exercising certain functions under the Building Societies Act 1986,3.109,https://www.prarulebook.co.uk/guidance/supervisory-statements/ss19-15-exercising-certain-functions-under-the-building-societies-act-1986/01-06-2026#6beb68c5a5af4c38aabd57b4686e8a22,£100,Monetary amount appears with threshold/trigger language.,"So far as borrowing members are concerned, the member is not entitled to vote in that capacity if his indebtedness to the society at any relevant date is less than £100 (paragraphs 29(2) and 36 of Schedule 2).",yes,yes,£100,permission_or_exemption_condition,high,Borrowing member indebtedness below £100 removes voting entitlement.
cand-00113,ss,16f1bb4f476a7e10,guidance_paragraph,SS19/15 – Exercising certain functions under the Building Societies Act 1986 3.110,SS19/15 – Exercising certain functions under the Building Societies Act 1986,3.110,https://www.prarulebook.co.uk/guidance/supervisory-statements/ss19-15-exercising-certain-functions-under-the-building-societies-act-1986/01-06-2026#7422b60a50d34adca48eddd62ec9843b,£100,Monetary amount appears with threshold/trigger language.,"However, Schedule 2 specifies the following further provisions, some, none or all of which may be included in a society’s Rules with respect to the entitlement of shareholding members to vote on any resolution; a person must (see Schedule 2 paragraphs 23(3) to (5) and 36): (a) have a qualifying shareholding (which must not be set higher than £100), in one or more share accounts, CCDS, PPDS or PIBS, on the qualifying shareholding date; (b) hold shares on the voting date; and (c) have held shares continuously between those two dates.",yes,yes,£100,permission_or_exemption_condition,high,Qualifying shareholding cap/condition affects voting entitlement.
cand-00114,ss,245ca8f1d90c166b,guidance_paragraph,SS19/15 – Exercising certain functions under the Building Societies Act 1986 3.111,SS19/15 – Exercising certain functions under the Building Societies Act 1986,3.111,https://www.prarulebook.co.uk/guidance/supervisory-statements/ss19-15-exercising-certain-functions-under-the-building-societies-act-1986/01-06-2026#829a53a7096847ad983c606351638748,£100,Monetary amount appears with threshold/trigger language.,"Therefore, if a society’s Rules include the provisions concerning shareholding and continuity of membership described in paragraph 3.110 , and if the voting date is later than the AGM in that year, a person to be entitled to vote on a shareholding members resolution must: (a) have been a shareholding member on the last day of the previous financial year; (b) have held shares to the value of at least £100 on the day 56 days before the date of the meeting; (c) have held shares continuously from the 56th day through to the voting date; and (d) hold shares on the voting date.",yes,yes,£100,permission_or_exemption_condition,high,Minimum share value is an eligibility condition for voting.
cand-00115,ss,db5297b405ab04be,guidance_paragraph,SS19/15 – Exercising certain functions under the Building Societies Act 1986 3.113,SS19/15 – Exercising certain functions under the Building Societies Act 1986,3.113,https://www.prarulebook.co.uk/guidance/supervisory-statements/ss19-15-exercising-certain-functions-under-the-building-societies-act-1986/01-06-2026#bddf7ca62f114e39997d8e377aa3a5ea,£100,Monetary amount appears with threshold/trigger language.,"The mandatory provisions of Schedule 2 to the 1986 Act concerning entitlement to vote on a borrowing members resolution are, as noted above, that the member must have been, and be, indebted to the society for at least £100 (whether on one or more accounts) at the end of the last financial year before the voting date, and on the voting date, in respect of an advance fully secured (or, if the Rules permit, substantially secured) on land (paragraphs 5(2), 23(1), 29(2) and 36 of Schedule 2) and have attained the age of 18 years by the date of the meeting (paragraphs 5(3) and 34(2) of Schedule 2).",yes,yes,£100,permission_or_exemption_condition,high,Minimum indebtedness is an eligibility condition for voting.
cand-00116,ss,db5297b405ab04be,guidance_paragraph,SS19/15 – Exercising certain functions under the Building Societies Act 1986 3.113,SS19/15 – Exercising certain functions under the Building Societies Act 1986,3.113,https://www.prarulebook.co.uk/guidance/supervisory-statements/ss19-15-exercising-certain-functions-under-the-building-societies-act-1986/01-06-2026#bddf7ca62f114e39997d8e377aa3a5ea,"£100,",Monetary amount appears with threshold/trigger language.,"But note that there is no dispensation in the 1986 Act for the Rules to reduce the qualifying amount below £100, nor to provide for a continuity of membership qualification.",yes,yes,£100,permission_or_exemption_condition,high,Rules cannot reduce qualifying amount below statutory £100 floor.
cand-00117,ss,574091102633d4dd,guidance_paragraph,SS19/15 – Exercising certain functions under the Building Societies Act 1986 3.124,SS19/15 – Exercising certain functions under the Building Societies Act 1986,3.124,https://www.prarulebook.co.uk/guidance/supervisory-statements/ss19-15-exercising-certain-functions-under-the-building-societies-act-1986/01-06-2026#d6ddb577a63347ff823d9ab9d7598853,£100,Monetary amount appears with threshold/trigger language.,"If it is the same person, there is a risk that he will be given the opportunity to vote twice or, if neither account holds more than £100 but they aggregate above that qualifying amount, be denied a vote to which he is entitled.",yes,yes,£100,permission_or_exemption_condition,high,Aggregation above £100 determines voting entitlement.
cand-00111,ss,4bbba893da6d9e3b,guidance_paragraph,SS19/15 – Exercising certain functions under the Building Societies Act 1986 3.15,SS19/15 – Exercising certain functions under the Building Societies Act 1986,3.15,https://www.prarulebook.co.uk/guidance/supervisory-statements/ss19-15-exercising-certain-functions-under-the-building-societies-act-1986/01-06-2026#aaabdd88318646e1b612f47cf55f170f,£70 m,Monetary amount appears with threshold/trigger language.,"Societies should inform the Competitor and Markets Authority (‘CMA’) of a proposed amalgamation or transfer of engagements where the UK turnover associated with the enterprise which is being acquired exceeds £70 million or the enterprises which cease to be distinct supply or acquire goods or services of any description and, as a result of the merger, together supply or acquire at least 25% of all those particular goods or services of that kind supplied in the United Kingdom or in a substantial part of it.",yes,yes,£70 million,reporting_trigger,high,Turnover exceeding £70 million triggers CMA notification expectation.
cand-00119,ss,96c3bcc124a58732,guidance_paragraph,SS19/15 – Exercising certain functions under the Building Societies Act 1986 4.116,SS19/15 – Exercising certain functions under the Building Societies Act 1986,4.116,https://www.prarulebook.co.uk/guidance/supervisory-statements/ss19-15-exercising-certain-functions-under-the-building-societies-act-1986/01-06-2026#4aafffc0e7904973832be3ab881dfedb,£100,Monetary amount appears with threshold/trigger language.,"So far as borrowing members are concerned, the member is not entitled to vote in that capacity if his indebtedness to the society at any relevant time is less than £100 (paragraphs 29(2) and 36 of Schedule 2).",yes,yes,£100,permission_or_exemption_condition,high,Indebtedness below £100 removes borrowing-member voting entitlement.
cand-00120,ss,3c3217821384e4ee,guidance_paragraph,SS19/15 – Exercising certain functions under the Building Societies Act 1986 4.117,SS19/15 – Exercising certain functions under the Building Societies Act 1986,4.117,https://www.prarulebook.co.uk/guidance/supervisory-statements/ss19-15-exercising-certain-functions-under-the-building-societies-act-1986/01-06-2026#af317700266d4b0a979a695a3eba33ad,£100,Monetary amount appears with threshold/trigger language.,"However, Schedule 2 specifies the following further provisions, some, none or all of which may be included in a society’s Rules with respect to the entitlement of shareholding members to vote on any resolution; a person must (see Schedule 2 paragraphs 23(3) to (5) and 36): (a) have a qualifying shareholding (which must not be set higher than £100), in one or more share accounts or CCDS, PPDS or PIBS, on the ‘qualifying shareholding date’; (b) hold shares on the voting date; and (c) have held shares continuously between those two dates.",yes,yes,£100,permission_or_exemption_condition,high,Qualifying shareholding condition for voting may not exceed £100.
cand-00121,ss,9a670f7704a24060,guidance_paragraph,SS19/15 – Exercising certain functions under the Building Societies Act 1986 4.118,SS19/15 – Exercising certain functions under the Building Societies Act 1986,4.118,https://www.prarulebook.co.uk/guidance/supervisory-statements/ss19-15-exercising-certain-functions-under-the-building-societies-act-1986/01-06-2026#0018713369b246bba31a7382392e4a11,£100,Monetary amount appears with threshold/trigger language.,"Therefore, if a society’s Rules, following the BSA Model Rules (Sixth Edition), include the provisions concerning shareholding and continuity of membership, described in paragraph 4.117 , and if the voting date is later than the AGM in that year, a person to be entitled to vote on a shareholding members’ resolution must: (a) have been a shareholding member on the last day of the previous financial year; (b) have held shares to the value of at least £100 on the day 56 days before the date of the meeting; (c) have held shares continuously from the 56th day through to the voting date; and (d) hold shares on the voting date.",yes,yes,£100,permission_or_exemption_condition,high,At least £100 shareholding is required for voting eligibility.
cand-00122,ss,0b7538785f166b0f,guidance_paragraph,SS19/15 – Exercising certain functions under the Building Societies Act 1986 4.119,SS19/15 – Exercising certain functions under the Building Societies Act 1986,4.119,https://www.prarulebook.co.uk/guidance/supervisory-statements/ss19-15-exercising-certain-functions-under-the-building-societies-act-1986/01-06-2026#cdf860472c8f4e468d73d7344a13b51b,£100,Monetary amount appears with threshold/trigger language.,"The mandatory provisions of Schedule 2 concerning entitlement to vote on a borrowing members’ resolution are, as noted above, that the member must have been, and be, indebted to the society for at least £100 (whether on one or more accounts) at the end of the last financial year before the voting date, and on the voting date, in respect of an advance fully secured (or, if the Rules permit, substantially secured) on land (paragraphs 5(2), 23(1), 29(2) and 36 of Schedule 2) and have attained the age of 18 years by the date of the meeting (paragraphs 5(3) and 34(2) of Schedule 2).",yes,yes,£100,permission_or_exemption_condition,high,At least £100 indebtedness is required for voting eligibility.
cand-00123,ss,0b7538785f166b0f,guidance_paragraph,SS19/15 – Exercising certain functions under the Building Societies Act 1986 4.119,SS19/15 – Exercising certain functions under the Building Societies Act 1986,4.119,https://www.prarulebook.co.uk/guidance/supervisory-statements/ss19-15-exercising-certain-functions-under-the-building-societies-act-1986/01-06-2026#cdf860472c8f4e468d73d7344a13b51b,"£100,",Monetary amount appears with threshold/trigger language.,"There is however no dispensation in the 1986 Act for the Rules to reduce the qualifying amount below £100, nor to provide for a continuity of membership qualification.",yes,yes,£100,permission_or_exemption_condition,high,Statutory £100 qualifying amount is a floor for voting rules.
cand-00124,ss,a22dbd238e1bcf92,guidance_paragraph,SS19/15 – Exercising certain functions under the Building Societies Act 1986 4.129,SS19/15 – Exercising certain functions under the Building Societies Act 1986,4.129,https://www.prarulebook.co.uk/guidance/supervisory-statements/ss19-15-exercising-certain-functions-under-the-building-societies-act-1986/01-06-2026#e30d9747b3a542ea94d0b9e188965dec,£100,Monetary amount appears with threshold/trigger language.,"If it is the same person, there is a risk that he will be given the opportunity to vote twice or, if neither account holds more than £100 but they aggregate above that qualifying amount, be denied a vote to which he is entitled.",yes,yes,£100,permission_or_exemption_condition,high,Aggregated accounts above £100 affect voting entitlement.
cand-00125,ss,2539f1529ac68d2e,guidance_paragraph,SS19/15 – Exercising certain functions under the Building Societies Act 1986 4.130,SS19/15 – Exercising certain functions under the Building Societies Act 1986,4.130,https://www.prarulebook.co.uk/guidance/supervisory-statements/ss19-15-exercising-certain-functions-under-the-building-societies-act-1986/01-06-2026#cad92078802b42a183da0d7262c51c4e,£100 m,Monetary amount appears with threshold/trigger language.,"Where such accounts do not separately entitle the member to vote but would do so if aggregated (by satisfying the £100 minimum shareholding condition) the society may consider it advisable to send separate notices in respect of each account with the warning that, on the information available to it, the society believes that the member is not eligible to vote.",yes,yes,£100,permission_or_exemption_condition,high,Minimum shareholding condition determines member voting eligibility.
cand-00118,ss,1efd71d20f080076,guidance_paragraph,SS19/15 – Exercising certain functions under the Building Societies Act 1986 4.48,SS19/15 – Exercising certain functions under the Building Societies Act 1986,4.48,https://www.prarulebook.co.uk/guidance/supervisory-statements/ss19-15-exercising-certain-functions-under-the-building-societies-act-1986/01-06-2026#000005be2a7e4136a26d7b960d09cae5,£100,Monetary amount appears with threshold/trigger language.,"Broadly speaking, members who are not entitled to vote on the resolution are those who are under 18 years of age on the date of the meeting or, if the Rules so provide, those who had less than the qualifying shareholding (usually £100) on the qualifying shareholding date or who ceased to hold shares in the period between the qualifying shareholding date and the voting date.",yes,yes,£100,permission_or_exemption_condition,high,Qualifying shareholding amount determines voting entitlement.
cand-00220,ss,0bffc16cc444246b,guidance_paragraph,SS2/17 – Remuneration 1,SS2/17 – Remuneration,1,https://www.prarulebook.co.uk/guidance/supervisory-statements/ss02-17---remuneration/01-06-2026#pdf-page-12,"£150,000; £250,000",Monetary amount needs LLM review to distinguish threshold from ordinary mention.,"Existing (1) Individual A is an employee of the firm and moves to an MRT role with effect employee - from 1 September, 122 days out of 365 are spent in an MRT role. mid-year (2) Individual A receives fixed remuneration of £150,000 from 1 January to 31 move to an August increasing to £250,000 from 1 September.",no,no,,not_a_threshold,high,"Amounts are remuneration figures in a worked example, not regulatory cut-offs."
cand-00221,ss,0bffc16cc444246b,guidance_paragraph,SS2/17 – Remuneration 1,SS2/17 – Remuneration,1,https://www.prarulebook.co.uk/guidance/supervisory-statements/ss02-17---remuneration/01-06-2026#pdf-page-12,"£130,000; £83,562; £250,000 m; £43,452; £130,000 m; £127,014",Monetary amount appears with threshold/trigger language.,"MRT role (3) During the performance year, Individual A is awarded variable remuneration of £130,000. (4) The proportion of fixed remuneration which should be used for calculating whether Individual A meets the criterion in Condition 2 is £83,562 (£250,000 multiplied by 122/365) (5) The proportion of variable remuneration which should be used for calculating whether Individual A meets the criterion in Condition 1 is £43,452 (£130,000 multiplied by 122/365). (6) The total remuneration for the period of time spent in an MRT role is £127,014. (£43,452 plus £83,562). (7) Condition 1 states that the individual’s variable remuneration is no more than 33% of their total remuneration.",no,no,,not_a_threshold,high,"Amounts are prorated example calculations for remuneration, not thresholds."
cand-00222,ss,5d0f7bd12500cc51,guidance_paragraph,SS2/17 – Remuneration 2,SS2/17 – Remuneration,2,https://www.prarulebook.co.uk/guidance/supervisory-statements/ss02-17---remuneration/01-06-2026#pdf-page-13,"£550,000; £80,000; £277,260; £550,000 m; £357,260",Monetary amount appears with threshold/trigger language.,"New hire (1) Individual B joins the firm as an MRT with effect from 1 July, 184 days out of 365 into an MRT are spent in an MRT role. role (2) Individual B receives annual fixed remuneration of £550,000. (3) For the period of time spent in role during the performance year, Individual B is awarded variable remuneration of £80,000. (4) The proportion of fixed remuneration which should be used for calculating whether Individual B meets the criterion in Condition 2 is £277,260 (£550,000 multiplied by 184/365). (5) The full amount of variable remuneration (£80,000) should be used for calculating whether Individual B meets the criterion in condition 1. (6) The total remuneration for the period of time spent in an MRT role is £357,260. (£277,260 plus £80,000). (7) Condition 1 states that the individual’s variable remuneration is no more than 33% of their total remuneration.",no,no,,not_a_threshold,high,"Amounts are worked-example pay figures and calculations, not cut-offs."
cand-00223,ss,5d0f7bd12500cc51,guidance_paragraph,SS2/17 – Remuneration 2,SS2/17 – Remuneration,2,https://www.prarulebook.co.uk/guidance/supervisory-statements/ss02-17---remuneration/01-06-2026#pdf-page-13,"£80,000",Monetary amount needs LLM review to distinguish threshold from ordinary mention.,"This condition is not met. (9) As condition 2 has not been met, the rules in paragraph 3.11 must be applied to the variable remuneration of £80,000 for the period of time spent in an MRT role during the performance year.",no,no,,not_a_threshold,high,"£80,000 is example variable remuneration to which rules apply."
cand-00217,ss,85af38f94e098518,guidance_paragraph,SS2/17 – Remuneration 2.10,SS2/17 – Remuneration,2.10,https://www.prarulebook.co.uk/guidance/supervisory-statements/ss02-17---remuneration/01-06-2026#pdf-page-8,£20 billion; £50 billion; £4 billion,Monetary amount appears with threshold/trigger language.,Proportionality level two Either: (a) Average total assets on relevant date of firm exceeding £20 billion but not exceeding £50 billion; or (b) Average total assets on relevant date of firm exceeding £4 billion but not exceeding £20 billion and firm does not meet Condition 1 or 2.,yes,yes,£20 billion; £50 billion; £4 billion,scope_trigger,high,Asset bands set remuneration proportionality level two scope.
cand-00218,ss,85af38f94e098518,guidance_paragraph,SS2/17 – Remuneration 2.10,SS2/17 – Remuneration,2.10,https://www.prarulebook.co.uk/guidance/supervisory-statements/ss02-17---remuneration/01-06-2026#pdf-page-8,£20 billion; £4bn,Monetary amount appears with threshold/trigger language.,Proportionality level Either: three (a) Average total assets on relevant date of firm not exceeding £20 billion and satisfies Conditions 1 and 2; or (b) Average total assets on relevant date of firm not exceeding £4bn.,yes,yes,£20 billion; £4 billion,scope_trigger,high,Asset limits set remuneration proportionality level three scope.
cand-00216,ss,fe304f0c89a1ec19,guidance_paragraph,SS2/17 – Remuneration 2.4,SS2/17 – Remuneration,2.4,https://www.prarulebook.co.uk/guidance/supervisory-statements/ss02-17---remuneration/01-06-2026#pdf-page-8,£50 billion,Monetary amount appears with threshold/trigger language.,Table B: Proportionality levels – Remuneration Part solo firms Proportionality level [deleted] Average total assets on relevant date of firm (where applicable) and other criteria Proportionality level one Either: (a) Average total assets on relevant date of firm exceeding £50 billion; or (b) Firm is part of a group and its proportionality level is raised in accordance with paragraphs 2.8–,yes,yes,£50 billion,scope_trigger,high,Asset threshold sets remuneration proportionality level one scope.
cand-00219,ss,f201890a6691d3b9,guidance_paragraph,SS2/17 – Remuneration 3.14,SS2/17 – Remuneration,3.14,https://www.prarulebook.co.uk/guidance/supervisory-statements/ss02-17---remuneration/01-06-2026#pdf-page-12,"£660,000",Monetary amount appears with threshold/trigger language.,"The PRA does not consider it necessary for the rules specified in sub-paragraphs 3.11(ii) and (iii) to be applied when the variable remuneration of the MRT is no more than 33% of the employee’s total remuneration (Condition 1), and total remuneration is no more than £660,000 (Condition 2).11",yes,yes,"£660,000",permission_or_exemption_condition,high,Total remuneration ceiling is part of proportionality threshold for applying rules.
cand-00224,ss,d600a4b5e66aef17,guidance_paragraph,SS2/17 – Remuneration 4.24,SS2/17 – Remuneration,4.24,https://www.prarulebook.co.uk/guidance/supervisory-statements/ss02-17---remuneration/01-06-2026#pdf-page-21,"£660,000",Monetary amount appears with threshold/trigger language.,"Table G: Minimum deferral and clawback rules applicable to MRTs MRT category MRT MRT below proportionality threshold (Total remuneration >£660,000 or variable (Total remuneration ≤£660,000 and variable remuneration >33% of total remuneration, remuneration ≤33% of total remuneration, Remuneration 15.A1(3)) Remuneration 15.A1(3)) Minimum Deferral Minimum Clawback Minimum Deferral Minimum Clawback (years) (years) (years) (years) MRT who performs a 4 (Remuneration 71 (Remuneration 52 (Remuneration PRA senior 15.17(2)) 15.20A(1) and (2)) N/A 15.20(3A)(b)) management function (SMF) Other MRTs 4 (Remuneration 7 (Remuneration N/A 52 (Remuneration 15.17(2)) 15.20A(1)) 15.20(3A)(b))",yes,yes,"£660,000",permission_or_exemption_condition,high,Total remuneration threshold determines MRT deferral/clawback category.
cand-00225,ss,4e7461e3151215d8,guidance_paragraph,SS2/17 – Remuneration 4A,SS2/17 – Remuneration,4A,https://www.prarulebook.co.uk/guidance/supervisory-statements/ss02-17---remuneration/01-06-2026#pdf-page-22,"£660,000",Monetary amount appears with threshold/trigger language.,"Material Risk Takers, conversion of unvested instruments and public appointments 4A.1 The PRA’s rules require that a firm must ensure that a substantial portion (at least 50%) of any variable remuneration payable to a MRT consists of an appropriate balance of: (i) shares or, subject to the legal structure of the firm concerned, equivalent ownership interests; or subject to the legal structure of the firm concerned, share-linked instruments or equivalent non-cash instruments; and (ii) where possible, other instruments which are eligible as Additional Tier 1 instruments or are eligible as Tier 2 instruments or other instruments that can be fully converted to Common Equity Tier 1 instruments or written down, that in each case adequately reflect the credit quality of the firm as a going concern and are appropriate for use as variable remuneration.13 4A.2 Additionally, there is a requirement that a firm must not award variable remuneration unless a substantial portion of it (at least 40% of the first £660,000 and 60% of any amount in excess of £660,000) is deferred, for a period of at least four years.",yes,yes,"£660,000",other_threshold,high,Amount divides variable remuneration into different deferral proportions.
cand-00226,ss,3724fe2465bc0eee,guidance_paragraph,SS2/17 – Remuneration 5.44,SS2/17 – Remuneration,5.44,https://www.prarulebook.co.uk/guidance/supervisory-statements/ss02-17---remuneration/01-06-2026#pdf-page-29,"£660,000",Monetary amount appears with threshold/trigger language.,"In line with the specific requirements of Remuneration 15.18, the PRA further expects that at least 40% of the first £660,000 and 60% of any amount in excess of £660,000 is deferred, for a period of at least four years.",yes,yes,"£660,000",other_threshold,high,Amount divides first tranche and excess for deferral expectations.
cand-00227,ss,3724fe2465bc0eee,guidance_paragraph,SS2/17 – Remuneration 5.44,SS2/17 – Remuneration,5.44,https://www.prarulebook.co.uk/guidance/supervisory-statements/ss02-17---remuneration/01-06-2026#pdf-page-29,"£660,000",Monetary amount appears with threshold/trigger language.,"However, firms should also consider whether the higher deferral ratio should be applied in cases of variable remuneration awarded below £660,000.",yes,yes,"£660,000",other_threshold,high,"Below-£660,000 awards are referenced against higher deferral threshold."
cand-00244,ss,3ad9274b05279531,guidance_paragraph,SS2/23 – Supervising credit unions 10,SS2/23 – Supervising credit unions,10,https://www.prarulebook.co.uk/guidance/supervisory-statements/ss02-23-supervising-credit-unions/01-06-2026#pdf-page-22,£100m,Monetary amount appears with threshold/trigger language.,Additional expectations for credit unions with more than £100m in assets Exit strategy planning,yes,yes,£100 million,scope_trigger,high,Assets above £100 million trigger additional credit union expectations.
cand-00235,ss,fc465e662749891d,guidance_paragraph,SS2/23 – Supervising credit unions 10.5,SS2/23 – Supervising credit unions,10.5,https://www.prarulebook.co.uk/guidance/supervisory-statements/ss02-23-supervising-credit-unions/01-06-2026#pdf-page-18,£10m,Monetary amount appears with threshold/trigger language.,Additional expectations for credit unions with more than £10m in assets Investments,yes,yes,£10 million,scope_trigger,high,Assets above £10 million trigger additional investment expectations.
cand-00236,ss,40e898a3927c05d1,guidance_paragraph,SS2/23 – Supervising credit unions 11.1,SS2/23 – Supervising credit unions,11.1,https://www.prarulebook.co.uk/guidance/supervisory-statements/ss02-23-supervising-credit-unions/01-06-2026#pdf-page-18,£10 m,Monetary amount appears with threshold/trigger language.,"The PRA expects credit unions with more than £10 million in total assets, and any credit unions that hold investments that come under rules 6.4(7) and 6.4(8) of the Credit Unions Part of the PRA Rulebook, to adhere to the following concentration limits (in addition to the limits required by rule 6.4A of the Credit Unions Part of the PRA Rulebook, 7 and with the exception of the investments listed in paragraph 11.2): • no more than 20% of a credit union’s total investments8 to be held with a single counterparty; and • an amount equivalent to no more than 75% of credit union’s total capital to be held with any single counterparty.",yes,yes,£10 million,scope_trigger,high,Assets above £10 million trigger concentration-limit expectations.
cand-00238,ss,ede81ba1fd2eb1a5,guidance_paragraph,SS2/23 – Supervising credit unions 11.10,SS2/23 – Supervising credit unions,11.10,https://www.prarulebook.co.uk/guidance/supervisory-statements/ss02-23-supervising-credit-unions/01-06-2026#pdf-page-20,£10 m,Monetary amount appears with threshold/trigger language.,"In line with these requirements, the PRA expects all credit unions with more than £10 million in assets to maintain a risk appetite statement (RAS).",yes,yes,£10 million,scope_trigger,high,Assets above £10 million trigger risk appetite statement expectation.
cand-00239,ss,a2fcb6c84867859e,guidance_paragraph,SS2/23 – Supervising credit unions 11.11,SS2/23 – Supervising credit unions,11.11,https://www.prarulebook.co.uk/guidance/supervisory-statements/ss02-23-supervising-credit-unions/01-06-2026#pdf-page-21,£10 m,Monetary amount appears with threshold/trigger language.,"In addition to the expectations set out in Chapter 10, the PRA expects credit unions with more than £10 million in assets to consider and document the core systems and outsourcing arrangements that are critical to the operation of the business.",yes,yes,£10 million,scope_trigger,high,Assets above £10 million trigger outsourcing/core-systems documentation expectation.
cand-00240,ss,a2fcb6c84867859e,guidance_paragraph,SS2/23 – Supervising credit unions 11.11,SS2/23 – Supervising credit unions,11.11,https://www.prarulebook.co.uk/guidance/supervisory-statements/ss02-23-supervising-credit-unions/01-06-2026#pdf-page-21,£50m,Monetary amount appears with threshold/trigger language.,Additional expectations for credit unions with more than £50m in assets Liquidity,yes,yes,£50 million,scope_trigger,high,Assets above £50 million trigger additional liquidity expectations.
cand-00237,ss,befb5a087993bdf0,guidance_paragraph,SS2/23 – Supervising credit unions 11.9,SS2/23 – Supervising credit unions,11.9,https://www.prarulebook.co.uk/guidance/supervisory-statements/ss02-23-supervising-credit-unions/01-06-2026#pdf-page-20,£10 m,Monetary amount appears with threshold/trigger language.,"For credit unions with more than £10 million in assets , the PRA also expects the liquidity management policy statement to cover: • the credit union’s strategy, processes, and systems in place for liquidity risk management; • the liquidity risk appetite agreed by the board; • any liquidity buffers to be maintained as a safeguard on the basis of stressed conditions that may arise; • plans to address any liquidity or funding risks arising from mismatches in maturity (which can give rise to cash flow imbalances and a risk that there could be insufficient cash resources to meet payment outflows when they fall due); and • contingency plans with actions that will be taken if liquidity targets are not met.",yes,yes,£10 million,scope_trigger,high,Assets above £10 million trigger enhanced liquidity policy coverage.
cand-00241,ss,a59c466eb948cffd,guidance_paragraph,SS2/23 – Supervising credit unions 12.1,SS2/23 – Supervising credit unions,12.1,https://www.prarulebook.co.uk/guidance/supervisory-statements/ss02-23-supervising-credit-unions/01-06-2026#pdf-page-21,£50 m,Monetary amount appears with threshold/trigger language.,"In order to ensure a credit union is holding sufficient liquid funds under Credit Unions 9.4, the PRA expects credit unions with more than £50 million in total assets to carry out periodic (at least annual) liquidity stress testing whereby the impact of stressed outflows is considered.",yes,yes,£50 million,scope_trigger,high,Assets above £50 million trigger periodic liquidity stress testing expectation.
cand-00242,ss,57c4c984266f9148,guidance_paragraph,SS2/23 – Supervising credit unions 12.5,SS2/23 – Supervising credit unions,12.5,https://www.prarulebook.co.uk/guidance/supervisory-statements/ss02-23-supervising-credit-unions/01-06-2026#pdf-page-22,£50 m,Monetary amount appears with threshold/trigger language.,"In addition to the expectations set out in Chapters 9 and 11, credit unions with more than £50 million in total assets and/or credit unions that carry out more complex lending (such as providing mortgages or lending to corporates), and/or credit unions that invest in more complex investment products (supranational b onds, corporate bonds, bank bonds, and money market funds) should expect to engage more with the PRA.",yes,yes,£50 million,scope_trigger,high,Assets above £50 million trigger increased PRA engagement expectations.
cand-00243,ss,e52eeb93e5db531b,guidance_paragraph,SS2/23 – Supervising credit unions 12.6,SS2/23 – Supervising credit unions,12.6,https://www.prarulebook.co.uk/guidance/supervisory-statements/ss02-23-supervising-credit-unions/01-06-2026#pdf-page-22,£50 m,Monetary amount appears with threshold/trigger language.,"In addition to the expectations set out in Chapters 10 and 11, the PRA expects credit unions with more than £50 million in assets to consider and document: • the people, processes, and technology required to deliver critical services;10 and • what scenarios could result in them exceeding their risk appetite, and what actions they will take to respond and react to instances of crystallised operational risk to ensure they remain within their risk appetite.",yes,yes,£50 million,scope_trigger,high,Assets above £50 million trigger operational risk documentation expectation.
cand-00245,ss,5a6522c57c06a3c2,guidance_paragraph,SS2/23 – Supervising credit unions 13.1,SS2/23 – Supervising credit unions,13.1,https://www.prarulebook.co.uk/guidance/supervisory-statements/ss02-23-supervising-credit-unions/01-06-2026#pdf-page-23,£100 m,Monetary amount appears with threshold/trigger language.,"In line with requirements under rule 11.1(2) of the Credit Unions Part of the PRA Rulebook, for a credit union to have effective processes to identify, manage, monitor, and report the risks to which it is exposed, the PRA expects a credit union with more than £100 million in assets to be able to demonstrate that it has management information, monitoring, and governance processes to support timely wind-down decision making.",yes,yes,£100 million,scope_trigger,high,Assets above £100 million trigger exit-strategy management information expectation.
cand-00246,ss,a2cd46699818d3f2,guidance_paragraph,SS2/23 – Supervising credit unions 13.2,SS2/23 – Supervising credit unions,13.2,https://www.prarulebook.co.uk/guidance/supervisory-statements/ss02-23-supervising-credit-unions/01-06-2026#pdf-page-23,£100 m,Monetary amount appears with threshold/trigger language.,"Credit unions with more than £100 million in assets are expected to consider the steps and resources needed to (i) wind down, and (ii) achieve a transfer of engagements, while, to the extent possible, avoiding any negative effects on members.",yes,yes,£100 million,scope_trigger,high,Assets above £100 million trigger wind-down/transfer planning expectation.
cand-00247,ss,b346691bbb2fe2e9,guidance_paragraph,SS2/23 – Supervising credit unions 18.15,SS2/23 – Supervising credit unions,18.15,https://www.prarulebook.co.uk/guidance/supervisory-statements/ss02-23-supervising-credit-unions/01-06-2026#pdf-page-32,£10m; £50m,Monetary amount appears with threshold/trigger language.,"Where a credit union has outsourced its services to a CUSO but does not own the CUSO, credit unions are reminded that the PRA’s outsourcing expectations apply proportionately accordingly to the size and activities of the credit union – eg the PRA has additional operational resilience expectations of credit unions with more than £10m in total assets (see paragraph 11.11) and credit unions with more than £50m in total assets (see paragraph 12.6).",yes,yes,£10 million; £50 million,scope_trigger,high,Asset thresholds trigger proportionate outsourcing and resilience expectations.
cand-00231,ss,7ee9da9a34033ad6,guidance_paragraph,SS2/23 – Supervising credit unions 2.13,SS2/23 – Supervising credit unions,2.13,https://www.prarulebook.co.uk/guidance/supervisory-statements/ss02-23-supervising-credit-unions/01-06-2026#pdf-page-8,£50 m,Monetary amount appears with threshold/trigger language.,"For credit unions with total assets over £50 million, the PRA expects them to not hold more than 50% of their minimum capital requirement as subordinated debt; and that no more than 75% of the minimum capital requirement be comprised of subordinated debt and interest-bearing deferred shares.",yes,yes,£50 million,scope_trigger,high,Assets over £50 million trigger limits on subordinated debt in capital requirement.
cand-00232,ss,71010d23c734d921,guidance_paragraph,SS2/23 – Supervising credit unions 7.2,SS2/23 – Supervising credit unions,7.2,https://www.prarulebook.co.uk/guidance/supervisory-statements/ss02-23-supervising-credit-unions/01-06-2026#pdf-page-13,£10 m,Monetary amount appears with threshold/trigger language.,"Additional expectations relating to investments for credit unions with more than £10 million in assets and credit unions that invest in more complex investments (supranational bonds, corporate bonds, bank bonds, and money market funds) are set out in Chapters 11 and 14, respectively.",yes,yes,£10 million,scope_trigger,high,Assets above £10 million trigger additional investment expectations.
cand-00233,ss,52d6e06f5d6fa7d9,guidance_paragraph,SS2/23 – Supervising credit unions 8.2,SS2/23 – Supervising credit unions,8.2,https://www.prarulebook.co.uk/guidance/supervisory-statements/ss02-23-supervising-credit-unions/01-06-2026#pdf-page-14,£10 m,Monetary amount appears with threshold/trigger language.,"The following are indicators of good practice (the PRA considers that some credit unions will be limited in their ability to implement these practices, due to their size and resources, but the PRA would generally expect credit unions with more than £10 million in total assets to meet all or most of the below): • there is a clear separation between the role and responsibilities of the General Manager/ Chief Executive Officer (CEO)/Senior Management Team (largely operational (although the General Manager/ CEO also plays a key role in developing strategy) keeping the board informed, and bringing recommendations to the board) and that of the board (largely strategic, approving key policies, maki",yes,yes,£10 million,scope_trigger,high,Assets above £10 million indicate expected governance practices.
cand-00234,ss,34d5a3ef277d44af,guidance_paragraph,SS2/23 – Supervising credit unions 9.3,SS2/23 – Supervising credit unions,9.3,https://www.prarulebook.co.uk/guidance/supervisory-statements/ss02-23-supervising-credit-unions/01-06-2026#pdf-page-17,£10 m,Monetary amount appears with threshold/trigger language.,The PRA expects credit unions with total assets of more than £10 million should be able to meet all of the above expectations.,yes,yes,£10 million,scope_trigger,high,Assets above £10 million trigger expectation to meet listed practices.
cand-00228,ss,ed63aa842d9155c5,guidance_paragraph,SS2/23 – Supervising credit unions PDF paragraph 1,SS2/23 – Supervising credit unions,,https://www.prarulebook.co.uk/guidance/supervisory-statements/ss02-23-supervising-credit-unions/01-06-2026#pdf-page-1,£10m,Monetary amount appears with threshold/trigger language.,Additional expectations for credit unions with more than £10m in assets 15 Investments 15 Liquidity 17 Risk management 17 Operational risk and resilience 18 12.,yes,yes,£10 million,scope_trigger,high,Table heading identifies asset threshold for additional expectations.
cand-00229,ss,ed63aa842d9155c5,guidance_paragraph,SS2/23 – Supervising credit unions PDF paragraph 1,SS2/23 – Supervising credit unions,,https://www.prarulebook.co.uk/guidance/supervisory-statements/ss02-23-supervising-credit-unions/01-06-2026#pdf-page-1,£50m,Monetary amount appears with threshold/trigger language.,Additional expectations for credit unions with more than £50m in assets 18 Liquidity 18 Risk management 19 Operational risk and resilience 19 13.,yes,yes,£50 million,scope_trigger,high,Table heading identifies asset threshold for additional expectations.
cand-00230,ss,ed63aa842d9155c5,guidance_paragraph,SS2/23 – Supervising credit unions PDF paragraph 1,SS2/23 – Supervising credit unions,,https://www.prarulebook.co.uk/guidance/supervisory-statements/ss02-23-supervising-credit-unions/01-06-2026#pdf-page-1,£100m,Monetary amount appears with threshold/trigger language.,Additional expectations for credit unions with more than £100m in assets 20 Exit strategy planning 20 14.,yes,yes,£100 million,scope_trigger,high,Table heading identifies asset threshold for exit-strategy expectations.
cand-00275,ss,c28928bad0d36357,guidance_paragraph,SS24/15 – The PRA’s approach to supervising liquidity and funding risks PDF paragraph 42,SS24/15 – The PRA’s approach to supervising liquidity and funding risks,,https://www.prarulebook.co.uk/guidance/supervisory-statements/ss24-15---the-pras-approach-to-supervising-liquidity-and-funding-risks/01-06-2026#pdf-page-18,"£50,000",Monetary amount needs LLM review to distinguish threshold from ordinary mention.,"aggregate of £50,000 (i.e. new firms not utilising mobilisation), the PRA expects that RDRs calculated for reporting reference dates from the point of authorisation should be representative of its long term business model.",yes,yes,"£50,000",permission_or_exemption_condition,medium,Deposit aggregate distinguishes new firms using mobilisation restrictions.
cand-00276,ss,c28928bad0d36357,guidance_paragraph,SS24/15 – The PRA’s approach to supervising liquidity and funding risks PDF paragraph 42,SS24/15 – The PRA’s approach to supervising liquidity and funding risks,,https://www.prarulebook.co.uk/guidance/supervisory-statements/ss24-15---the-pras-approach-to-supervising-liquidity-and-funding-risks/01-06-2026#pdf-page-18,"£50,000",Monetary amount appears with threshold/trigger language.,"New firms utilising mobilisation are authorised with a restriction on their permissions to prevent them accepting deposits exceeding an aggregate of £50,000 while in mobilisation.",yes,yes,"£50,000",permission_or_exemption_condition,high,"Mobilisation permission restricts accepting deposits above £50,000."
cand-00253,ss,502a9ee569e43eb0,guidance_paragraph,SS28/15 – Strengthening individual accountability in banking 2.26,SS28/15 – Strengthening individual accountability in banking,2.26,https://www.prarulebook.co.uk/guidance/supervisory-statements/ss28-15---strengthening-individual-accountability-in-banking/01-06-2026#pdf-page-15,£250 m,Monetary amount appears with threshold/trigger language.,"Small Firms (ie those with gross total assets of £250 million or less) need only allocate these four Prescribed Responsibilities, in addition to the five which apply to all firms, among their Senior Managers (ie they must allocate nine Prescribed Responsibilities in total). • Prescribed Responsibilities which apply to all firms except Small Firms: These responsibilities, which are listed in Allocation of Responsibilities 4, cover areas relevant to the PRA’s safety and soundness objective, such as the allocation and maintenance of capital, funding and liquidity, recovery and resolution, stress-testing and the firm’s performance of its obligations under Outsourcing. • Prescribed Responsibilities which only apply to certain types of firm (excluding Small Firms):",yes,yes,£250 million,scope_trigger,high,Gross asset ceiling defines Small Firms for prescribed responsibilities.
cand-00249,ss,43b87ce04ec0fc55,guidance_paragraph,SS28/15 – Strengthening individual accountability in banking 2.7,SS28/15 – Strengthening individual accountability in banking,2.7,https://www.prarulebook.co.uk/guidance/supervisory-statements/ss28-15---strengthening-individual-accountability-in-banking/01-06-2026#pdf-page-6,£250 m,Monetary amount appears with threshold/trigger language.,"For instance, banks and building societies with gross total assets of £250 million or less are not expected to have many Senior Managers in addition to the mandatory SMFs.",yes,yes,£250 million,scope_trigger,high,Gross asset ceiling defines smaller banks/building societies for SMR expectations.
cand-00248,ss,ea0e1c04e8b069ef,guidance_paragraph,SS28/15 – Strengthening individual accountability in banking 4,SS28/15 – Strengthening individual accountability in banking,4,https://www.prarulebook.co.uk/guidance/supervisory-statements/ss28-15---strengthening-individual-accountability-in-banking/01-06-2026#pdf-page-5,£10 billion,Monetary amount appears with threshold/trigger language.,"A key business area is an area with gross total assets equal to or greater than £10 billion; and which either accounts for more than 20% of the firm’s gross revenue; or where the firm is part of a group, accounts for more than 20% of the total gross revenue of the group.",yes,yes,£10 billion,scope_trigger,high,Gross asset amount is part of key business area definition.
cand-00250,ss,ce114120bf03f482,guidance_paragraph,SS28/15 – Strengthening individual accountability in banking 5,SS28/15 – Strengthening individual accountability in banking,5,https://www.prarulebook.co.uk/guidance/supervisory-statements/ss28-15---strengthening-individual-accountability-in-banking/01-06-2026#pdf-page-6,£250 m,Monetary amount appears with threshold/trigger language.,"Banks, building societies and credit unions with assets of £250 million or less (Small Firms) are subject to less onerous requirements under the SMR.",yes,yes,£250 million,scope_trigger,high,Asset ceiling defines Small Firms subject to lighter SMR requirements.
cand-00251,ss,ce114120bf03f482,guidance_paragraph,SS28/15 – Strengthening individual accountability in banking 5,SS28/15 – Strengthening individual accountability in banking,5,https://www.prarulebook.co.uk/guidance/supervisory-statements/ss28-15---strengthening-individual-accountability-in-banking/01-06-2026#pdf-page-6,£250 m,Monetary amount appears with threshold/trigger language.,"The £250 million threshold is calculated across a rolling period of five years or, if the firm has been in existence for less than five years, across the period during which it has existed.",yes,yes,£250 million,scope_trigger,high,Explains calculation of the Small Firm asset threshold.
cand-00252,ss,48ea821f0b4c8a64,guidance_paragraph,SS28/15 – Strengthening individual accountability in banking 8,SS28/15 – Strengthening individual accountability in banking,8,https://www.prarulebook.co.uk/guidance/supervisory-statements/ss28-15---strengthening-individual-accountability-in-banking/01-06-2026#pdf-page-6,£15 billion,Monetary amount appears with threshold/trigger language.,Remuneration firms which are CRR firms with assets above £15 billion.,yes,yes,£15 billion,scope_trigger,high,Assets above £15 billion identify remuneration firms in scope.
cand-00256,ss,b5c08c04c8708e23,guidance_paragraph,SS3/16 – Fees: PRA approach and application 4,SS3/16 – Fees: PRA approach and application,4,https://www.prarulebook.co.uk/guidance/supervisory-statements/ss03-16---fees-pra-approach-and-application/01-06-2026#pdf-page-10,"£25,000",Monetary amount appears with threshold/trigger language.,"February 2019 This SS was updated following the publication of PS3/19 ‘PRA fees and levies: Changes to periodic and transaction fees’1 to:  add the model maintenance fee to the fees making up a firm’s periodic fee (Chapter 3);  clarify the PRA will look to levy a SPF for those Part VII transactions expected to exceed £25,000 (Chapter 4);  remove an obsolete reference (Chapter 4);  clarify the process for insurance firms wishing to seek relief from PRA fees (Chapter 5);  clarify the types of reinsurance transactions the PRA considers may qualify for relief from PRA fees (Chapter 5); and  correct several non‐policy related grammar changes (all chapters).",yes,yes,"£25,000",fee_or_levy_band,high,"Expected SPF above £25,000 fee amount creates charging threshold."
cand-00126,ss,31c3b8bf12162927,guidance_paragraph,SS3/16 – Fees: PRA approach and application 5.3,SS3/16 – Fees: PRA approach and application,5.3,https://www.prarulebook.co.uk/guidance/supervisory-statements/ss03-16---fees-pra-approach-and-application/01-06-2026#06b1729104fc45a483f7f81744719b15,"£25,000",Monetary amount appears with threshold/trigger language.,"The PRA will not ordinarily charge an SPF for restructuring if the amount calculated under Fees 5 is less than £25,000.",yes,yes,"£25,000",fee_or_levy_band,high,"PRA normally does not charge SPF below £25,000."
cand-00127,ss,31c3b8bf12162927,guidance_paragraph,SS3/16 – Fees: PRA approach and application 5.3,SS3/16 – Fees: PRA approach and application,5.3,https://www.prarulebook.co.uk/guidance/supervisory-statements/ss03-16---fees-pra-approach-and-application/01-06-2026#06b1729104fc45a483f7f81744719b15,"£25,000",Monetary amount appears with threshold/trigger language.,"Where this threshold is reached and an SPF is charged, the full amount calculated under Fees 5 is payable and not just the excess over £25,000.",yes,yes,"£25,000",fee_or_levy_band,high,"Crossing £25,000 threshold determines full SPF payable."
cand-00254,ss,aff7850446d901af,guidance_paragraph,SS3/16 – Fees: PRA approach and application 5.3,SS3/16 – Fees: PRA approach and application,5.3,https://www.prarulebook.co.uk/guidance/supervisory-statements/ss03-16---fees-pra-approach-and-application/01-06-2026#pdf-page-7,"£25,000",Monetary amount appears with threshold/trigger language.,"The PRA will not ordinarily charge an SPF for restructuring if the amount calculated under Fees 5 is less than £25,000.",yes,yes,"£25,000",fee_or_levy_band,high,"PRA normally does not charge SPF below £25,000."
cand-00255,ss,aff7850446d901af,guidance_paragraph,SS3/16 – Fees: PRA approach and application 5.3,SS3/16 – Fees: PRA approach and application,5.3,https://www.prarulebook.co.uk/guidance/supervisory-statements/ss03-16---fees-pra-approach-and-application/01-06-2026#pdf-page-7,"£25,000",Monetary amount appears with threshold/trigger language.,"Where this threshold is reached and an SPF is charged, the full amount calculated under Fees 5 is payable and not just the excess over £25,000.",yes,yes,"£25,000",fee_or_levy_band,high,"Crossing £25,000 threshold determines full SPF payable."
cand-00166,ss,257ce10e1866808d,guidance_paragraph,SS3/21 – Non-systemic UK banks: The Prudential Regulation Authority’s approach to new and growing banks – unnumbered paragraph,SS3/21 – Non-systemic UK banks: The Prudential Regulation Authority’s approach to new and growing banks,,https://www.prarulebook.co.uk/guidance/supervisory-statements/ss03-21---non-systemic-uk-banks-the-pras-approach-to-new-and-growing-banks/01-06-2026#627a645fa98f4a67be81e0702c77adf5,£100 m; £250 m; £1 billion; £5 billion; £10 billion; £20 billion; £20,Monetary amount appears with threshold/trigger language.,Table 4: A sample of PRA regulatory thresholds Size/Threshold value Threshold measure Threshold applies to Reference Is or exceeds £100 million Regulated mortgage contracts value per annum Housing – Application provision The Housing Part of the PRA Rulebook 79 Exceeding £250 million Average total gross assets General Organisational requirements - Whistleblowing – Application provision The Whistleblowing Part of the PRA Rulebook 80 Exceeds either £1 billion or 5% of total assets Exposure to ‘higher-risk’ sovereigns and institutions Exposures to ‘higher risk’ sovereigns and institutions (IRB) SS11/13 Internal Ratings Based (IRB) approaches 81 Greater than £5 billion Total assets Regulatory Reporting - Capital + reports – Application provision Regulatory Reporting - Capital+ Reports Part of the PRA Rulebook 82 Equal to or in excess of £10 billion or more than 20% of gross revenue Business area or division gross total assets Senior Management Functions – Executive – Application provision The Senior Management Functions – Executive Part of the PRA Rulebook 83 Not exceeding £20 billion Average total assets Remuneration – proportionality level three SS2/17 Remuneration 84 Exceeding £20 bi,yes,yes,£100 million; £250 million; £1 billion; £5 billion; £10 billion; £20 billion,other_threshold,high,Table explicitly lists PRA regulatory threshold values.
cand-00128,ss,0b05ba7aae4d679a,guidance_paragraph,"SS32/15 – Pillar 2 reporting, including instructions for completing data items FSA071 to FSA082, and PRA111 2.5","SS32/15 – Pillar 2 reporting, including instructions for completing data items FSA071 to FSA082, and PRA111",2.5,https://www.prarulebook.co.uk/guidance/supervisory-statements/ss32-15-pillar-2-reporting-including-instructions-for-completing/01-06-2026#a1792da8fc424844a55887b59d54e625,£5 billion,Monetary amount appears with threshold/trigger language.,Firms with total assets equal to or greater than £5 billion at the relevant level of consolidation used as the basis of their ICAAP are required to submit this template in accordance with Rule 2.9 of the Reporting Pillar 2 Part of the PRA Rulebook.,yes,yes,£5 billion,reporting_trigger,high,Assets at or above £5 billion trigger Pillar 2 template submission.
cand-00257,ss,53b704861427ebed,guidance_paragraph,"SS32/15 – Pillar 2 reporting, including instructions for completing data items FSA071 to FSA082, and PRA111 4","SS32/15 – Pillar 2 reporting, including instructions for completing data items FSA071 to FSA082, and PRA111",4,https://www.prarulebook.co.uk/guidance/supervisory-statements/ss32-15-pillar-2-reporting-including-instructions-for-completing/01-06-2026#pdf-page-5,£5 billion,Monetary amount appears with threshold/trigger language.,Firms with total assets equal to or greater than £5 billion at the relevant level of consolidation used as the basis of their ICAAP are,yes,yes,£5 billion,reporting_trigger,high,Assets at or above £5 billion trigger reporting template requirement.
cand-00258,ss,b0b2dbea3530fd90,guidance_paragraph,SS35/15 – Strengthening individual accountability in insurance 1,SS35/15 – Strengthening individual accountability in insurance,1,https://www.prarulebook.co.uk/guidance/supervisory-statements/ss35-15---strengthening-individual-accountability-in-insurance/01-06-2026#pdf-page-5,£25 m,Monetary amount appears with threshold/trigger language.,"These are insurance firms that are out‐of‐scope of Solvency II, and have assets relating to all regulated activities, with a value of more than £25 million, as included in the firm’s two most recent reported annual accounts.",yes,yes,£25 million,scope_trigger,high,Asset value over £25 million determines insurance SMR scope.
cand-00259,ss,8340674bd669cdec,guidance_paragraph,SS35/15 – Strengthening individual accountability in insurance 2.22D,SS35/15 – Strengthening individual accountability in insurance,2.22D,https://www.prarulebook.co.uk/guidance/supervisory-statements/ss35-15---strengthening-individual-accountability-in-insurance/01-06-2026#pdf-page-12,£25m,Monetary amount appears with threshold/trigger language.,"Where a UK Solvency II firm no longer has permission to write new business (and has not written or acquired any further business in the last twelve months), and has less than £25m technical provisions as reported in its two most recent annual accounts (ie is a ‘small run‐off firm’), it is only required to comply with a streamlined SMR as set out in the PRA Rulebook.",yes,yes,£25 million,scope_trigger,high,Technical provisions below £25 million define small run-off firm treatment.
cand-00129,ss,c9e5bcfca6c7790b,guidance_paragraph,"SS39/15 – Whistleblowing in deposit-takers, PRA-designated investment firms and insurers 1.1","SS39/15 – Whistleblowing in deposit-takers, PRA-designated investment firms and insurers",1.1,https://www.prarulebook.co.uk/guidance/supervisory-statements/ss39-15-whistleblowing-in-deposit-takers-pra-designated-investment-firms-and-insurers/01-06-2026#dd9b1686576544c29526e48e702e87c9,£250 m,Monetary amount appears with threshold/trigger language.,"This supervisory statement applies to the relevant firms (deposit-takers with assets greater than £250 million, PRA-designated investment firms and insurers - meaning insurance and reinsurance firms within the scope of Solvency II - and to the Society of Lloyd’s and managing agents), but also to individuals working in the financial services sector.",yes,yes,£250 million,scope_trigger,high,Assets greater than £250 million determine whistleblowing statement scope.
cand-00260,ss,5b93d4422d018179,guidance_paragraph,SS44/15 – Solvency II: third-country insurance and pure reinsurance branches 6A,SS44/15 – Solvency II: third-country insurance and pure reinsurance branches,6A,https://www.prarulebook.co.uk/guidance/supervisory-statements/ss44-15---solvency-ii-third-country-insurance/01-06-2026#pdf-page-11,£500 m,Monetary amount appears with threshold/trigger language.,"6A.2 As set out in the PRA’s SoP – The Prudential Regulation Authority’s approach to insurance branch authorisation and supervision, the PRA expects third-country branches to have under £500 million of insurance liabilities covered by the Financial Services Compensation Scheme (FSCS) when operating as a branch, and may consider authorisation as a subsidiary as an alternative where that is not the case.",yes,yes,£500 million,permission_or_exemption_condition,high,Branch authorisation expectation requires FSCS-covered liabilities under £500 million.
cand-00261,ss,7e1960d7033cc47d,guidance_paragraph,SS45/15 – The UK leverage ratio framework 1.1,SS45/15 – The UK leverage ratio framework,1.1,https://www.prarulebook.co.uk/guidance/supervisory-statements/ss45-15-the-uk-leverage-ratio-framework/01-06-2026#pdf-page-5,£75 billion; £10 billion,Monetary amount appears with threshold/trigger language.,"All firms with retail deposits equal to or greater than £75 billion or non-UK assets equal to or greater than £10 billion, when calculated on an individual basis , are in scope.1 Firms’ retail deposits and non-UK assets, for the purposes of comparison to these thresholds, are calculated as averages over the three most recent accounting reference dates of the firm.",yes,yes,£75 billion; £10 billion,scope_trigger,high,Retail deposit and non-UK asset thresholds determine leverage framework scope.
cand-00130,ss,2f8c2325b5fe266b,guidance_paragraph,SS45/15 – The UK leverage ratio framework 1.A.1,SS45/15 – The UK leverage ratio framework,1.A.1,https://www.prarulebook.co.uk/guidance/supervisory-statements/ss45-15-the-uk-leverage-ratio-framework/01-06-2026#d31640b107604985a1b88cb41dd9eda3,£75 billion; £10 billion,Monetary amount appears with threshold/trigger language.,"All firms with retail deposits equal to or greater than £75 billion or non-UK assets equal to or greater than £10 billion, when calculated on an individual basis are in scope.",yes,yes,£75 billion; £10 billion,scope_trigger,high,Retail deposit and non-UK asset thresholds determine leverage framework scope.
cand-00262,ss,8071256e8faac0db,guidance_paragraph,SS45/15 – The UK leverage ratio framework 12,SS45/15 – The UK leverage ratio framework,12,https://www.prarulebook.co.uk/guidance/supervisory-statements/ss45-15-the-uk-leverage-ratio-framework/01-06-2026#pdf-page-16,£50 billion; £75 billion,Monetary amount appears with threshold/trigger language.,"26 Paragraph 1.A.1i was updated to reflect the increase in the retail deposits threshold from £50 billion to £75 billion, and to describe the averaging mechanism used for calculation of firms’ retail deposits and non-UK assets used for comparisons to the corresponding thresholds.",yes,yes,£50 billion; £75 billion,scope_trigger,high,Describes increase in retail deposits scope threshold.
cand-00167,ss,22781a1cd1a6b7e6,guidance_paragraph,SS45/15 – The UK leverage ratio framework – unnumbered paragraph,SS45/15 – The UK leverage ratio framework,,https://www.prarulebook.co.uk/guidance/supervisory-statements/ss45-15-the-uk-leverage-ratio-framework/01-06-2026#d31640b107604985a1b88cb41dd9eda3,£75 billion; £10 billion,Monetary amount appears with threshold/trigger language.,"All firms with retail deposits equal to or greater than £75 billion or non-UK assets equal to or greater than £10 billion, when calculated on an individual basis are in scope.",yes,yes,£75 billion; £10 billion,scope_trigger,high,Retail deposit and non-UK asset thresholds determine leverage framework scope.
cand-00264,ss,c0811c32d9472c94,guidance_paragraph,SS5/21 – International banks: The PRA’s approach to branch and subsidiary supervision 21,SS5/21 – International banks: The PRA’s approach to branch and subsidiary supervision,21,https://www.prarulebook.co.uk/guidance/supervisory-statements/ss05-21-international-banks---pras-approach-to-branch-and-subsidiary-supervision/01-06-2026#pdf-page-12,£35 billion,Monetary amount needs LLM review to distinguish threshold from ordinary mention.,"£35 billion of ‘core deposits’, as specified in the Financial Services and Markets Act 2000 (Ring-fenced Bodies and Core Activities) Order 2014: https://www.legislation.gov.uk/ukdsi/2014/9780111117118 International banks: The PRA’s approach to branch and subsidiary supervision April 2026 13 regulatory requirements, even if these firms are bound by policies, procedures, or written agreements set by their overseas group or parent companies. • Depositor protection in the UK may be different from that applicable to the overseas group or head office, and so the PRA will pay particular attention to compliance with the Depositor Protection Part of the PRA Rulebook, including the Single Customer Vie",yes,yes,£35 billion,scope_trigger,medium,Core deposits figure is a statutory ring-fencing threshold reference.
cand-00265,ss,1b798579818dd3e5,guidance_paragraph,SS5/21 – International banks: The PRA’s approach to branch and subsidiary supervision 3.19,SS5/21 – International banks: The PRA’s approach to branch and subsidiary supervision,3.19,https://www.prarulebook.co.uk/guidance/supervisory-statements/ss05-21-international-banks---pras-approach-to-branch-and-subsidiary-supervision/01-06-2026#pdf-page-13,£15 billion,Monetary amount appears with threshold/trigger language.,"The PRA’s approach to this is set out in the SoP ‘Designation of investment firms for prudential supervision by the Prudential Regulation Authority’.23 This SoP sets out the factors that the PRA considers, which include a firm’s total gross assets, or the total gross assets of investment firms in the same group, exceeding £15 billion.",yes,yes,£15 billion,scope_trigger,high,Investment firm asset threshold is a designation factor.
cand-00266,ss,34df0fc190d1c1f9,guidance_paragraph,SS5/21 – International banks: The PRA’s approach to branch and subsidiary supervision 3.20,SS5/21 – International banks: The PRA’s approach to branch and subsidiary supervision,3.20,https://www.prarulebook.co.uk/guidance/supervisory-statements/ss05-21-international-banks---pras-approach-to-branch-and-subsidiary-supervision/01-06-2026#pdf-page-13,£15 billion,Monetary amount appears with threshold/trigger language.,"For international banks with UK branches undertaking wholesale business, in assessing whether the branch is systemically important, the PRA considers (among other things) a similar threshold, where the total gross assets attributed to the branch, and wher e relevant other UK branches in the group, exceed an average of £15 billion.",yes,yes,£15 billion,scope_trigger,high,Branch/group assets above £15 billion indicate systemic importance.
cand-00267,ss,109bf0c579b06260,guidance_paragraph,SS5/21 – International banks: The PRA’s approach to branch and subsidiary supervision 54,SS5/21 – International banks: The PRA’s approach to branch and subsidiary supervision,54,https://www.prarulebook.co.uk/guidance/supervisory-statements/ss05-21-international-banks---pras-approach-to-branch-and-subsidiary-supervision/01-06-2026#pdf-page-39,£130 m; £300 m,Monetary amount appears with threshold/trigger language.,"https://www.bankofengland.co.uk/-/media/boe/files/prudential-regulation/letter/2023/november/dear-cfoletter-working-with- deposit-aggregators.pdf International banks: The PRA’s approach to branch and subsidiary supervision April 2026 40 (a) FSCS covered instant access deposits: the PRA expects branches to have under £130 million of retail and small company55 instant access56 account balances covered by the Financial Services Compensation Scheme (FSCS); (b) total instant access deposits: the PRA expects branches to have under £300 million of total retail and small company instant access account balances (both covered and not covered by the FSCS); (c) the number of customers: in addition to the value of deposits, the PRA will also take into account the number of customers.",yes,yes,£130 million; £300 million,permission_or_exemption_condition,high,Deposit balance limits shape PRA comfort with branch deposit activity.
cand-00268,ss,16190cc6af0ed867,guidance_paragraph,SS5/21 – International banks: The PRA’s approach to branch and subsidiary supervision 57,SS5/21 – International banks: The PRA’s approach to branch and subsidiary supervision,57,https://www.prarulebook.co.uk/guidance/supervisory-statements/ss05-21-international-banks---pras-approach-to-branch-and-subsidiary-supervision/01-06-2026#pdf-page-40,"£250,000",Monetary amount appears with threshold/trigger language.,"High Net Worth Individuals are individuals who held net assets totalling £250,000 at any point in the last financial year.",yes,yes,"£250,000",scope_trigger,high,Net asset amount defines high net worth individuals.
cand-00269,ss,16190cc6af0ed867,guidance_paragraph,SS5/21 – International banks: The PRA’s approach to branch and subsidiary supervision 57,SS5/21 – International banks: The PRA’s approach to branch and subsidiary supervision,57,https://www.prarulebook.co.uk/guidance/supervisory-statements/ss05-21-international-banks---pras-approach-to-branch-and-subsidiary-supervision/01-06-2026#pdf-page-40,£650 m,Monetary amount needs LLM review to distinguish threshold from ordinary mention.,"Given this, the PRA will not, in general, be content for a branch to undertake deposit activity where the total potential liability to the FSCS in relation to covered deposits (as defined in the Depositor Protection Part of the PRA Rulebook) is in excess of £650 million.",yes,yes,£650 million,permission_or_exemption_condition,high,FSCS covered-deposit liability above £650 million limits branch deposit activity.
cand-00270,ss,06a47a0415b65f80,guidance_paragraph,SS5/21 – International banks: The PRA’s approach to branch and subsidiary supervision 6.18,SS5/21 – International banks: The PRA’s approach to branch and subsidiary supervision,6.18,https://www.prarulebook.co.uk/guidance/supervisory-statements/ss05-21-international-banks---pras-approach-to-branch-and-subsidiary-supervision/01-06-2026#pdf-page-41,£15 billion,Monetary amount appears with threshold/trigger language.,"As its starting point, the PRA will have regard to the size of a firm’s UK footprint in deciding whether to determine that a wholesale branch is systemically important, specifically whether it exceeds an average of £15 billion total gross assets.",yes,yes,£15 billion,scope_trigger,high,Average UK footprint above £15 billion indicates systemic wholesale branch.
cand-00263,ss,e11ceb81c0c80a9b,guidance_paragraph,SS5/21 – International banks: The PRA’s approach to branch and subsidiary supervision 7,SS5/21 – International banks: The PRA’s approach to branch and subsidiary supervision,7,https://www.prarulebook.co.uk/guidance/supervisory-statements/ss05-21-international-banks---pras-approach-to-branch-and-subsidiary-supervision/01-06-2026#pdf-page-7,£130m,Monetary amount appears with threshold/trigger language.,"One threshold is £130m of retail and small company deposits, but the PRA also considers the number of such deposit accounts and the total potential liability to the Financial Services Compensation Scheme.",yes,yes,£130 million,permission_or_exemption_condition,high,Retail/small company deposit threshold is considered for branch activity.
cand-00271,ss,d14c9bbcf93a5a76,guidance_paragraph,SS5/21 – International banks: The PRA’s approach to branch and subsidiary supervision PDF paragraph 198,SS5/21 – International banks: The PRA’s approach to branch and subsidiary supervision,,https://www.prarulebook.co.uk/guidance/supervisory-statements/ss05-21-international-banks---pras-approach-to-branch-and-subsidiary-supervision/01-06-2026#pdf-page-41,£15 billion,Monetary amount appears with threshold/trigger language.,The £15 billion threshold is only indicative.,yes,yes,£15 billion,scope_trigger,high,Explicit indicative threshold for branch systemic-importance assessment.
cand-00131,ss,cff2b68c6a77ca48,guidance_paragraph,SS8/14 – Subordinated guarantees and the quality of capital for insurers 5.5,SS8/14 – Subordinated guarantees and the quality of capital for insurers,5.5,https://www.prarulebook.co.uk/guidance/supervisory-statements/ss08-14---subordinated-guarantees-and-the-quality/01-06-2026#4ec2a88fe5934ea7aa6c3c44bbf399ae,£100 m,Monetary amount needs LLM review to distinguish threshold from ordinary mention.,"As such, in reporting its regulatory capital on a solo basis, Opco should disqualify £100 million of its Tier 1 capital.",no,no,,not_a_threshold,high,Amount is capital disqualified in an example/accounting treatment.
cand-00272,ss,f51224745c5e8ceb,guidance_paragraph,SS8/14 – Subordinated guarantees and the quality of capital for insurers 5.5,SS8/14 – Subordinated guarantees and the quality of capital for insurers,5.5,https://www.prarulebook.co.uk/guidance/supervisory-statements/ss08-14---subordinated-guarantees-and-the-quality/01-06-2026#pdf-page-7,£100 m,Monetary amount needs LLM review to distinguish threshold from ordinary mention.,"As such, in reporting its regulatory capital on a solo basis, Opco should disqualify £100 million of its Tier 1 capital.",no,no,,not_a_threshold,high,Amount is capital disqualified in an example/accounting treatment.
cand-00273,ss,c220ed94d6d7fa32,guidance_paragraph,SS8/16 – Ring-fenced bodies (RFBs) 1.1,SS8/16 – Ring-fenced bodies (RFBs),1.1,https://www.prarulebook.co.uk/guidance/supervisory-statements/ss08-16---ring-fenced-bodies-rfbs/01-06-2026#pdf-page-7,£25 billion,Monetary amount appears with threshold/trigger language.,This supervisory statement is also aimed at firms currently below the core deposits threshold for ring-fencing of £25 billion but which may approach that threshold over time.,yes,yes,£25 billion,scope_trigger,high,Core deposits threshold determines ring-fencing relevance.
cand-00274,ss,cf665b7b7c4cfd18,guidance_paragraph,SS8/16 – Ring-fenced bodies (RFBs) 11.7,SS8/16 – Ring-fenced bodies (RFBs),11.7,https://www.prarulebook.co.uk/guidance/supervisory-statements/ss08-16---ring-fenced-bodies-rfbs/01-06-2026#pdf-page-36,£25 billion,Monetary amount appears with threshold/trigger language.,"Notifications 12.2 of the PRA Rulebook requires a UK deposit-taker to notify the PRA within 30 days if its core deposits or, if it is a member of a group, the aggregate core deposits of each relevant group member, exceed, or have decreased to below, £25 billion.",yes,yes,£25 billion,reporting_trigger,high,Crossing above or below £25 billion core deposits triggers PRA notification.
